{
  "timestamp": "2025-09-19T16:39:21.861Z",
  "summary": {
    "totalStrategies": 1,
    "strongBuy": 0,
    "buy": 0,
    "hold": 1,
    "sell": 0,
    "strongSell": 0
  },
  "results": [
    {
      "pair": "LONG LINKUSDT/SHORT DOTUSDT",
      "recommendation": "HOLD",
      "confidence": 57.06939766257188,
      "stats": {
        "longToken": "LINKUSDT",
        "shortToken": "DOTUSDT",
        "totalDays": 200,
        "validDays": 200,
        "winningDays": 103,
        "losingDays": 97,
        "winRate": 51.5,
        "lossRate": 48.5,
        "totalProfit": 55.693976625718776,
        "averageDailyProfit": 0.2784698831285939,
        "maxSingleDayProfit": 11.081904829804955,
        "maxSingleDayLoss": -6.966469110375132,
        "maxConsecutiveWinningDays": 7,
        "maxConsecutiveLosingDays": 5,
        "profitVolatility": 2.557327335546893,
        "sharpeRatio": 0.10889098132173299,
        "maxDrawdown": 24.444904782897893,
        "consistencyScore": 74.42672664453107,
        "dailyProfits": [
          5.98484806328372,
          5.964362426635159,
          5.911797244630662,
          -6.158835636064042,
          -1.538167494180867,
          -3.2660574720699325,
          -4.642556834039034,
          -0.7319641916798183,
          4.542949925251445,
          -3.663425267223038,
          -0.44640379813176345,
          -1.3068932248985137,
          -3.4408316526472977,
          3.182799244060387,
          -2.6393905622444143,
          5.996609841146838,
          -2.3261981985785893,
          -4.008087201125161,
          3.2773638968481373,
          0.28430049482681374,
          2.0352038244674135,
          1.6809440834556533,
          -2.460610511047623,
          3.2614396201051026,
          -0.8659493762743633,
          0.5057482566762639,
          -0.9086638260679583,
          1.2395253262893475,
          0.2695846804277391,
          -3.1807945377832523,
          -2.37074401008828,
          0.9258410661778548,
          1.238046925706454,
          -5.272162293086946,
          3.9137912178378613,
          1.3329018917353563,
          7.8596912920160396,
          0.4350538528055763,
          1.9783737939240527,
          -0.32156986217546013,
          -2.8184602654940765,
          -0.21804306350504243,
          1.1063897191498717,
          -0.18115942028985432,
          -0.6262840336497939,
          -0.9131176275522099,
          -2.634714983845575,
          2.7584296090766216,
          1.1978023704650396,
          1.8573044145563342,
          4.17789686020739,
          -4.03371284740307,
          -0.601592380867033,
          -0.6137103574494266,
          1.9959410576465881,
          -0.4883594400709428,
          -0.6214351118602064,
          -0.16814405612000094,
          0.3469673464754641,
          -0.2275334104933997,
          0.3977122196767806,
          0.012692054494926275,
          -1.4896348017042036,
          -0.10730973977528246,
          0.07552870090634728,
          2.6907512088014673,
          -6.966469110375132,
          -2.3199060703751186,
          2.6091360169875446,
          -1.5363010233057643,
          1.3972177970294357,
          1.8787593111415104,
          -1.7025212847598814,
          -1.264262950827204,
          0.21548250038698136,
          -0.3142795771727003,
          3.500439781464848,
          -2.2469151688127402,
          1.1354779071766108,
          -0.39101219571312784,
          0.5931460184726536,
          -0.850794928738839,
          1.8097202520834477,
          1.216007074950248,
          0.8814000085262423,
          -2.5071167513028056,
          1.5007420916259635,
          -1.086845678647916,
          -0.0908773926882891,
          0.9140438821828004,
          -1.9456002977891793,
          0.5022945014132714,
          1.1127214435334731,
          -2.0713510658867103,
          3.3624843020467274,
          -1.8153521266181887,
          -0.5023836612131677,
          1.483673673923568,
          4.170490712265404,
          -1.1566094389879047,
          0.2444702732486439,
          -1.795807154974069,
          -0.7453347565239732,
          0.03262936417745932,
          1.2744370741037399,
          -0.9720020340975708,
          3.4543818644383264,
          1.6619725660260505,
          -1.1834089780063453,
          -0.5491795100434085,
          2.0141625885161902,
          1.7016561650529738,
          3.9252949304633957,
          0.3405005336170195,
          0.05907556950482684,
          -0.9686556696258869,
          1.2065544608648,
          -1.663776189475168,
          1.6867301664181125,
          -0.10055508963538529,
          -2.962989222915489,
          1.0548613243537113,
          1.4541169987468652,
          0.591474155082188,
          0.7275470113883149,
          0.39518718387371415,
          1.6014792133700473,
          -2.984104154245019,
          -0.3327517689250632,
          -0.38153074760554795,
          -0.7932154485879199,
          1.249842455761328,
          1.4778737074011914,
          -1.1201141650189492,
          1.6632649554401862,
          5.411262904979193,
          -0.16979655712052266,
          -1.1402099403012986,
          3.140959282263629,
          0.716971695317142,
          -0.23911590409864303,
          2.096282819802151,
          1.2858772508266862,
          -0.16552781447494924,
          -0.22452999564526877,
          1.6956162335339187,
          0.6425828081879175,
          -0.03286626563324102,
          1.8321199106584027,
          -1.2312474169893606,
          -1.4132545006710404,
          -1.5422377675622276,
          1.5403593394127313,
          1.722031231642335,
          -1.6611395839614174,
          0.2442703575485743,
          5.576042428323476,
          4.791840891561033,
          6.336837531043863,
          2.724435230559358,
          0.23792705757193477,
          4.145632136829105,
          -1.2524718363552583,
          0.465218950481491,
          -0.8401215024046089,
          2.269104215543061,
          11.081904829804955,
          3.9517474084945516,
          -3.640376614932375,
          7.85795132993776,
          -3.9226120831135085,
          -2.1497632572642527,
          -3.0644314900027405,
          1.0405371740761218,
          -0.3016202381827373,
          0.15179162932411128,
          -1.1346703588521865,
          2.1343682742049737,
          -1.7740808889562985,
          -0.6121997891422315,
          0.46618906792328607,
          -1.66467774931347,
          0.8963457615969803,
          -0.35307765802298074,
          -3.144644886081357,
          -1.879530279310881,
          -0.2994292185496693,
          -3.255541105959525,
          1.3104893946015468,
          -2.305175714187598,
          0.39561255063338496,
          3.2017149449457736,
          0.8819987025265679,
          -4.960970854600405,
          0.742835423031448,
          1.5823203442560438,
          -2.796797793319179,
          -1.3740204546423445,
          -0.36919903096375073,
          -1.8866651995529833
        ]
      },
      "strategyAdvice": "📊 ESTRATEGIA NEUTRA: 51.5% de días ganadores con 0.28% de ganancia promedio diaria.\n      Recomendación: Análisis adicional necesario antes de implementar.\n      Ganancia total esperada: 55.69% en 200 días.\n\n📈 MÉTRICAS ADICIONALES:\n    • Días ganadores: 103/200 (51.5%)\n    • Días perdedores: 97/200 (48.5%)\n    • Ganancia máxima en un día: 11.08%\n    • Pérdida máxima en un día: -6.97%\n    • Máximo consecutivo ganador: 7 días\n    • Máximo consecutivo perdedor: 5 días\n    • Volatilidad de ganancias: 2.56%\n    • Sharpe ratio: 0.11\n    • Máximo drawdown: 24.44%\n    • Score consistencia: 74.4/100"
    }
  ]
}