{
  "timestamp": "2025-09-19T16:29:05.461Z",
  "summary": {
    "totalStrategies": 1,
    "strongBuy": 0,
    "buy": 0,
    "hold": 0,
    "sell": 1,
    "strongSell": 0
  },
  "results": [
    {
      "pair": "LONG ETHUSDT/SHORT BTCUSDT",
      "recommendation": "SELL",
      "confidence": 58.038291427204605,
      "stats": {
        "longToken": "ETHUSDT",
        "shortToken": "BTCUSDT",
        "totalDays": 200,
        "validDays": 200,
        "winningDays": 95,
        "losingDays": 105,
        "winRate": 47.5,
        "lossRate": 52.5,
        "totalProfit": 55.38291427204606,
        "averageDailyProfit": 0.2769145713602303,
        "maxSingleDayProfit": 15.458709012445198,
        "maxSingleDayLoss": -6.358158745061085,
        "maxConsecutiveWinningDays": 8,
        "maxConsecutiveLosingDays": 6,
        "profitVolatility": 2.7329366317910644,
        "sharpeRatio": 0.10132491479641474,
        "maxDrawdown": 32.36825660206392,
        "consistencyScore": 72.67063368208936,
        "dailyProfits": [
          -0.18382409994595594,
          -0.5806578350371261,
          -1.0132333189225924,
          0.7283213622674993,
          3.561469285194847,
          -1.9469312087496853,
          -5.03901246822433,
          -2.391374436122871,
          -1.6921827869123978,
          0.779055599236874,
          -1.0110926194437209,
          0.9125011831833747,
          -0.498897071549925,
          0.3442180352016573,
          1.8134949740781614,
          1.452522725729045,
          -0.49474442235022265,
          -0.7495692141375383,
          1.0556920368267673,
          -1.396171083653285,
          2.104732264254193,
          -0.602806536845065,
          -2.1878282005080556,
          -0.6630802084215768,
          -2.1101441197185826,
          -1.5245564556613065,
          -0.8003650745034597,
          0.6184063961842972,
          1.3699571672652402,
          -2.6592142219309243,
          0.38214590204392596,
          -0.8331199113314083,
          -0.17882367033746893,
          -6.358158745061085,
          -2.6891057528165248,
          -1.5388035687033264,
          5.064240606899549,
          -5.179673375035208,
          -1.863658855116793,
          2.714108114662431,
          -1.04507781296243,
          0.635091267220142,
          -1.0352701781060254,
          -1.19395873598476,
          -0.6816690649285249,
          0.8709184380965499,
          0.8399333159043826,
          -1.7256183654909176,
          -3.234366464243095,
          4.41375961456642,
          1.9448926774111754,
          -1.7255374502143221,
          0.14500076263492423,
          2.04423358627749,
          -0.6959146735026494,
          -0.8664835179564152,
          0.6789620530171983,
          -0.14362938469268144,
          0.019100573277327282,
          -0.1886343403186786,
          0.5926497368940615,
          0.3020927292271305,
          0.14260916790545425,
          -2.392355986685776,
          -0.527064601249543,
          15.458709012445198,
          6.516343417276966,
          8.372678121107192,
          -1.9977390719874015,
          0.514240242631655,
          6.105786145270425,
          -2.0386935398637456,
          -2.586896060841638,
          -0.16541396336068565,
          -2.1197177054033642,
          -2.3099873648125793,
          2.042623245100447,
          -1.3651216247127262,
          -1.553144582787669,
          2.5900674371407493,
          -1.2714622127005537,
          -0.2585989768592988,
          -0.3304136671362967,
          0.09415625049796872,
          4.241680100054001,
          1.8428514164339787,
          0.16101119999644897,
          -2.2828304461997395,
          -0.7131381877797413,
          -0.5638562671439655,
          2.4827065991859127,
          -0.08474415181564471,
          1.197907820016003,
          -4.381754801939133,
          -0.16679151774126,
          0.7481822517496717,
          -0.7589027959430927,
          2.5014952072902688,
          5.074143151126458,
          -0.11320842766173467,
          -1.9157471894952578,
          -2.7754038634975977,
          -1.2630602649879759,
          0.4952439986077949,
          -1.2723314829225683,
          0.7555960274954028,
          0.2786128262180848,
          0.06390454664839773,
          -3.2471307177833673,
          -3.462192808701026,
          -1.8307566527992112,
          3.9295039883765135,
          0.8143764379922277,
          -2.4095026819794443,
          0.2615942955061132,
          0.20443231429052405,
          0.28098676689504737,
          1.658920163311982,
          0.5322977355546421,
          -1.8695826522569978,
          3.879168607533709,
          0.13534734394888825,
          -1.7510244823976158,
          0.13567007377996998,
          1.2136068870304058,
          -0.2300713044789774,
          2.259785081709392,
          3.747354892812782,
          2.2996005823209824,
          -1.0733935028701609,
          -0.4130931292800536,
          -0.44292509292788973,
          0.7657827528654679,
          5.862158298896506,
          6.69889054061293,
          2.668706476737569,
          3.065587215782271,
          1.3431879131760613,
          5.072767287219032,
          0.05185058668927696,
          -2.6211154655718594,
          -2.1486352231772736,
          2.51715225696971,
          1.0998918019537265,
          0.17312327450661097,
          2.2330835516291687,
          -0.7548986928670405,
          -0.04264888494192916,
          0.520917986316441,
          -1.1675116593574368,
          -3.5529682439087598,
          -2.039174964692247,
          1.5518032726154958,
          5.671870808241043,
          -2.1248527279193277,
          1.218233827790752,
          4.006494366333101,
          3.2155875396327156,
          6.444981733124403,
          -2.6675984792786918,
          -0.1337864884725557,
          7.477061895629527,
          0.8182014624684837,
          -0.19900263417563657,
          -1.5557739523548415,
          -0.4266530247548324,
          1.11742829892261,
          -2.559681489968284,
          -2.6184764880621616,
          5.154873578320786,
          -1.006617280383197,
          10.417298222716582,
          0.17029575499577287,
          1.7210502665980087,
          -5.471429688241557,
          3.629541927198579,
          -1.593002524487438,
          -1.0729571099842186,
          0.37411875121722415,
          -0.09492247003839277,
          0.9383232309183098,
          -2.6763290835357685,
          -1.5551042177854235,
          2.446726901374199,
          -2.563129820110108,
          0.29414164244566127,
          -0.370198424849636,
          -0.08838208154671356,
          -0.8307148103698568,
          0.5495964301094465,
          -1.253357622399092,
          1.1812374204439695,
          5.208105030234076,
          -0.8725769040511062,
          -0.7686975881963243,
          -1.8243879202621838,
          -1.7439982389843685,
          2.274612683397079,
          -0.6002584560731216,
          -1.3323807876068106
        ]
      },
      "strategyAdvice": "⚠️ ESTRATEGIA DÉBIL: Solo 47.5% de días ganadores con 0.28% de ganancia promedio diaria.\n      Recomendación: No implementar esta estrategia.\n      Pérdida total esperada: 55.38% en 200 días.\n\n📈 MÉTRICAS ADICIONALES:\n    • Días ganadores: 95/200 (47.5%)\n    • Días perdedores: 105/200 (52.5%)\n    • Ganancia máxima en un día: 15.46%\n    • Pérdida máxima en un día: -6.36%\n    • Máximo consecutivo ganador: 8 días\n    • Máximo consecutivo perdedor: 6 días\n    • Volatilidad de ganancias: 2.73%\n    • Sharpe ratio: 0.10\n    • Máximo drawdown: 32.37%\n    • Score consistencia: 72.7/100"
    }
  ]
}