{
  "timestamp": "2025-09-19T16:31:50.354Z",
  "summary": {
    "totalStrategies": 1,
    "strongBuy": 0,
    "buy": 1,
    "hold": 0,
    "sell": 0,
    "strongSell": 0
  },
  "results": [
    {
      "pair": "LONG ETHUSDT/SHORT GMXUSDT",
      "recommendation": "BUY",
      "confidence": 64.3789373694446,
      "stats": {
        "longToken": "ETHUSDT",
        "shortToken": "GMXUSDT",
        "totalDays": 200,
        "validDays": 200,
        "winningDays": 115,
        "losingDays": 85,
        "winRate": 57.49999999999999,
        "lossRate": 42.5,
        "totalProfit": 68.78937369444607,
        "averageDailyProfit": 0.3439468684722303,
        "maxSingleDayProfit": 20.4479474972352,
        "maxSingleDayLoss": -29.65409496707048,
        "maxConsecutiveWinningDays": 7,
        "maxConsecutiveLosingDays": 6,
        "profitVolatility": 4.240341018516298,
        "sharpeRatio": 0.08111302062035046,
        "maxDrawdown": 50.22809883139411,
        "consistencyScore": 57.596589814837024,
        "dailyProfits": [
          0.4175927140462402,
          1.601706512114634,
          0.27228547527602176,
          0.4472628633571101,
          3.1535012429946754,
          0.985822846061021,
          -4.89226848814629,
          0.3286606248251336,
          -2.50680991163071,
          -0.739370338155934,
          -7.326227822150519,
          -7.365796200827891,
          11.021576986889535,
          -0.19634565554481354,
          2.3017940470337277,
          3.684238557651616,
          0.31613919110476374,
          -1.2590207971271399,
          -0.07454522696123256,
          1.1397224258157002,
          1.74512442353327,
          3.2090628939627535,
          -2.458831350452444,
          -0.5042270937749525,
          0.2622194642258284,
          4.035386297363105,
          0.515480789716569,
          1.6390631396107849,
          3.695638077411944,
          3.2614385272091644,
          0.22659744542421645,
          -1.7299813878308055,
          0.6395642498419659,
          -5.477214396515322,
          -17.680849318753637,
          -10.2022383151829,
          4.441487049155228,
          -9.912255194821043,
          0.4107513000809804,
          1.8433208721340169,
          -2.4830512554062767,
          -3.7036065289765165,
          -2.6742711546910316,
          -3.699754750428764,
          5.548078260832935,
          -1.799770406920336,
          1.7468634186647207,
          4.219797842853069,
          5.351172458296845,
          4.684859981195334,
          -0.8718003217471959,
          -2.944889156977374,
          -0.39808581767335083,
          -0.743035946231597,
          0.19596635288724218,
          0.9265413988094198,
          3.4106333584631976,
          4.686595197916317,
          4.087726159070022,
          -0.5581935830477007,
          4.810514372741713,
          -0.8991887380111903,
          3.3916827298522314,
          -1.4031919626583687,
          0.1307293637755974,
          6.712821294338964,
          4.978425922749248,
          0.4839802055301714,
          1.5140969527927952,
          0.046984336202898325,
          3.8133554107027856,
          -3.4560038627478677,
          5.978684522645571,
          2.154913607133949,
          0.03587919463587497,
          -4.379001559989409,
          3.434800494483996,
          -2.2242867109694493,
          0.01665814951406852,
          -1.2193048764532133,
          2.1305872558834196,
          -0.4396916220247953,
          -0.031182093010114986,
          0.9449068934013295,
          -3.3362983086383715,
          1.9405844613382908,
          -0.26781727450356696,
          5.608115586162084,
          -1.9997762682006501,
          -1.328861845793254,
          -3.337817242504993,
          -1.5486940727054535,
          0.9897938761763887,
          -1.7215790559912394,
          2.305686532943098,
          -4.534430132852034,
          1.2146239458923977,
          -1.748607241694426,
          0.07279984687797203,
          5.401553360917219,
          2.3838272131173266,
          -0.02690718702176431,
          -1.5489902021362147,
          0.6654101320941905,
          -2.5085253222523654,
          2.585376465514493,
          2.0771152170974814,
          0.7993659052766964,
          -1.3856553141371535,
          1.00824152745664,
          0.11748579982561491,
          -0.6568842686498702,
          -0.6082074063857241,
          2.120913035829582,
          1.5520367436648026,
          0.07881276674585105,
          -1.6029985334105386,
          0.5740554123630348,
          1.7961734329944927,
          2.0032734632723637,
          -3.2742048700610367,
          -1.871490248236024,
          4.094064996669863,
          0.1169637290404697,
          1.7821131314938525,
          -0.8756974000019477,
          0.9935470483006121,
          20.4479474972352,
          9.658703336795503,
          -10.619888281216058,
          1.113176554540873,
          0.741716533015806,
          3.4274613448442963,
          0.22268376013133606,
          5.753865209167518,
          0.9412242058567384,
          1.4236077867669725,
          -0.3416594424676551,
          4.945921743465216,
          -1.3001941592037483,
          -0.2851317260153458,
          2.8021061649509003,
          3.389061854659147,
          -1.9851983134466005,
          0.3576656714030034,
          -0.8628163554159349,
          3.011017598794168,
          0.6210087607348851,
          2.031555283146151,
          -0.52443123624287,
          -1.944222550317281,
          -3.5303468138680403,
          0.06840171475908896,
          -3.419322395804679,
          0.3460499683191225,
          -2.164479790645105,
          1.2460875357023964,
          2.881955315161263,
          -29.65409496707048,
          7.601034810946933,
          5.9861573912214325,
          7.867771364950501,
          1.461217581263084,
          6.976047489792498,
          -1.127654005344886,
          -1.2478799846794266,
          -1.5328369994858428,
          0.6882572788239703,
          -1.594428031074537,
          0.5356622591326419,
          -0.21441486252646635,
          8.90101296158328,
          0.150329939742047,
          1.9511094169668681,
          -3.437969198360223,
          1.219677585858261,
          -2.635518945177612,
          -1.6718024324080023,
          2.06470310777484,
          -0.9850812491706521,
          2.0295971968259723,
          1.045527628121227,
          -3.4516358883097866,
          2.865371236267743,
          1.1034707815654463,
          -0.2670285051813912,
          -0.3727289851435059,
          -0.7161616038395184,
          -0.1354847752555043,
          -0.8896740228001448,
          -1.297995663277299,
          1.3020042282296875,
          3.0780639955879208,
          -2.008657820428528,
          1.1815895641277308,
          -0.4333776122069666,
          -2.504302913307171,
          -0.11604443597898029,
          -2.3092075502507017,
          2.0543288098735735
        ]
      },
      "strategyAdvice": "⚡ ESTRATEGIA BUENA: 57.5% de días ganadores con 0.34% de ganancia promedio diaria.\n      Recomendación: Considerar implementar con gestión de riesgo adecuada.\n      Ganancia total esperada: 68.79% en 200 días.\n\n📈 MÉTRICAS ADICIONALES:\n    • Días ganadores: 115/200 (57.5%)\n    • Días perdedores: 85/200 (42.5%)\n    • Ganancia máxima en un día: 20.45%\n    • Pérdida máxima en un día: -29.65%\n    • Máximo consecutivo ganador: 7 días\n    • Máximo consecutivo perdedor: 6 días\n    • Volatilidad de ganancias: 4.24%\n    • Sharpe ratio: 0.08\n    • Máximo drawdown: 50.23%\n    • Score consistencia: 57.6/100"
    }
  ]
}