{
  "timestamp": "2025-09-19T16:39:56.061Z",
  "summary": {
    "totalStrategies": 1,
    "strongBuy": 0,
    "buy": 0,
    "hold": 1,
    "sell": 0,
    "strongSell": 0
  },
  "results": [
    {
      "pair": "LONG LINKUSDT/SHORT GMXUSDT",
      "recommendation": "HOLD",
      "confidence": 58.23947688786555,
      "stats": {
        "longToken": "LINKUSDT",
        "shortToken": "GMXUSDT",
        "totalDays": 200,
        "validDays": 200,
        "winningDays": 107,
        "losingDays": 93,
        "winRate": 53.5,
        "lossRate": 46.5,
        "totalProfit": 47.39476887865547,
        "averageDailyProfit": 0.23697384439327734,
        "maxSingleDayProfit": 16.583205037992137,
        "maxSingleDayLoss": -25.61026824002603,
        "maxConsecutiveWinningDays": 7,
        "maxConsecutiveLosingDays": 6,
        "profitVolatility": 4.0955820087685195,
        "sharpeRatio": 0.05786084709961206,
        "maxDrawdown": 41.5779073301497,
        "consistencyScore": 59.0441799123148,
        "dailyProfits": [
          2.13732091129726,
          8.864905057927517,
          5.863969473535276,
          -3.3655663603695545,
          -4.066615436533593,
          -0.2634418354320829,
          -5.604011430084179,
          0.9142475576247011,
          0.9481114472938332,
          -1.789774784372176,
          -5.0955058393872905,
          -6.139073225456818,
          8.975706347009595,
          2.578991485601488,
          1.1744599095115127,
          5.211706991807958,
          -1.5585763955958951,
          -2.107737550775518,
          1.242290827954596,
          1.4057381021614883,
          2.6293251358990517,
          5.981112841251519,
          -0.9488815902691483,
          1.5578766367301304,
          -2.6511707814794807,
          2.751130267441723,
          0.5224698048485112,
          1.4970871155669923,
          3.16597164303586,
          0.9035206882889071,
          -0.9999999999999948,
          -1.4000934977218833,
          0.542324842809846,
          -5.154017015213103,
          -14.50945757854527,
          -9.699657057899447,
          6.868729893462984,
          -5.597631910523504,
          2.2026539450994758,
          0.9427510963644306,
          -3.689586621775386,
          -5.331510594668485,
          -3.6833637065129983,
          -2.069049125026365,
          6.676306149990358,
          -1.95411670764517,
          3.137440032006929,
          8.532125935770644,
          4.487522592756367,
          1.3614997295624542,
          3.2164635624193965,
          -1.2619276181038641,
          -2.1730703712201924,
          -3.1781292782509527,
          -0.2642698321633239,
          3.675020700882764,
          0.6646962485285783,
          2.7983784059300665,
          4.68419072192657,
          -1.3918334464043367,
          2.4830553285583807,
          -2.2227740955306627,
          1.2501698600353446,
          0.017485712036746204,
          0.45489006823350053,
          -0.17854462125359838,
          -0.5022534557778329,
          -1.3658946818369362,
          2.787549851322452,
          -1.298310954294512,
          0.31372293779632443,
          -3.086279732795025,
          2.5604403873079233,
          0.8636269730110531,
          -0.31032216990605965,
          -1.7079994365140734,
          1.5895982269106974,
          -2.5746951419164317,
          1.437426643344987,
          -1.7059292911876862,
          0.09334158500645806,
          -1.8178902894725386,
          0.4502025012391502,
          0.4557291666666685,
          -4.743230625583559,
          -0.2235346858415339,
          -2.4740929584779106,
          1.7690925688941501,
          -1.2938521704967294,
          -1.1256738523131107,
          -5.952972630207891,
          -0.796395540579311,
          -1.6165976293145206,
          -1.1588326961059607,
          4.931870326659287,
          -4.578375973586146,
          1.1500121347223908,
          -3.9450095438210253,
          2.578874236255854,
          3.3676353853503276,
          0.8577310934129141,
          -1.4878214063369573,
          -1.901752173413585,
          1.063829787234047,
          -0.41821759408408754,
          -0.343721748246971,
          2.3236555251330264,
          0.5719317106377326,
          -1.1231092425927516,
          1.7738649989099664,
          -0.07837905861441197,
          1.1281897727650776,
          2.464884378163295,
          1.1839939348935844,
          0.13499050351128328,
          0.6304579532519868,
          0.4885756635064382,
          0.16589674927720033,
          -0.026049807231427913,
          1.7251553203564685,
          -5.03523608174771,
          -1.7966469898536772,
          3.6453079184641157,
          0.3151518878366813,
          1.5286339164626892,
          -0.15466220078227405,
          2.0704868061532347,
          16.583205037992137,
          9.942644515181918,
          -10.592233663099824,
          0.44063362561107566,
          3.405231743427692,
          2.6027937669230883,
          -1.6804617026092052,
          1.7902780453348979,
          5.724989819465192,
          -1.5352863942228887,
          1.5278707506377651,
          5.0892716998901255,
          -0.3092474852485103,
          1.0153036919266825,
          -1.5781547964135845,
          -0.26377446904995505,
          -0.4621138996139056,
          0.5807382771829463,
          0.14423574062742617,
          -0.9220703745199188,
          -0.7879570094138806,
          0.8755785232968019,
          -2.1097075970137817,
          -1.3406788493591155,
          -3.4413802198164456,
          1.2594225333153908,
          -4.862809139191727,
          -1.047320736236383,
          -2.430091207039106,
          5.940981001196718,
          8.03320849694524,
          -25.61026824002603,
          8.338289079390467,
          2.098796646531518,
          11.178209848912564,
          -0.38748033221136,
          4.900577570646055,
          -1.839730425476521,
          3.237814732581156,
          10.579873620239177,
          4.797290876406631,
          -4.736888222172718,
          6.408524534920598,
          -3.820345774610644,
          2.4777599783688826,
          -0.6792644595433956,
          0.1641057620111932,
          -4.437017896333598,
          0.3676949452065874,
          -3.0150688437739945,
          4.1156467090057784,
          -1.5375891519206046,
          -0.9537175959019792,
          0.296486189262257,
          -0.1678408742240678,
          0.5775146464539147,
          0.8514261387824728,
          -1.243735421735817,
          -0.6763705604431393,
          0.02007853785106134,
          -0.27314548591145127,
          2.397050816358501,
          -0.9328873198512291,
          0.04754569311769741,
          2.603018233789787,
          0.0937089256183099,
          -1.9957261063669391,
          -0.6639726449999319,
          -0.9205318872136219,
          -2.347590702368044,
          0.030204691218445046,
          0.33686350021395617,
          0.3719795762733904
        ]
      },
      "strategyAdvice": "📊 ESTRATEGIA NEUTRA: 53.5% de días ganadores con 0.24% de ganancia promedio diaria.\n      Recomendación: Análisis adicional necesario antes de implementar.\n      Ganancia total esperada: 47.39% en 200 días.\n\n📈 MÉTRICAS ADICIONALES:\n    • Días ganadores: 107/200 (53.5%)\n    • Días perdedores: 93/200 (46.5%)\n    • Ganancia máxima en un día: 16.58%\n    • Pérdida máxima en un día: -25.61%\n    • Máximo consecutivo ganador: 7 días\n    • Máximo consecutivo perdedor: 6 días\n    • Volatilidad de ganancias: 4.10%\n    • Sharpe ratio: 0.06\n    • Máximo drawdown: 41.58%\n    • Score consistencia: 59.0/100"
    }
  ]
}