{
  "timestamp": "2025-09-19T16:38:07.170Z",
  "summary": {
    "totalStrategies": 1,
    "strongBuy": 0,
    "buy": 0,
    "hold": 1,
    "sell": 0,
    "strongSell": 0
  },
  "results": [
    {
      "pair": "LONG SOLUSDT/SHORT DOTUSDT",
      "recommendation": "HOLD",
      "confidence": 58.53137313235978,
      "stats": {
        "longToken": "SOLUSDT",
        "shortToken": "DOTUSDT",
        "totalDays": 200,
        "validDays": 200,
        "winningDays": 106,
        "losingDays": 94,
        "winRate": 53,
        "lossRate": 47,
        "totalProfit": 55.3137313235978,
        "averageDailyProfit": 0.276568656617989,
        "maxSingleDayProfit": 7.446263227513245,
        "maxSingleDayLoss": -7.663736547340504,
        "maxConsecutiveWinningDays": 8,
        "maxConsecutiveLosingDays": 7,
        "profitVolatility": 2.3903220410179706,
        "sharpeRatio": 0.11570351269496985,
        "maxDrawdown": 16.383951469588183,
        "consistencyScore": 76.0967795898203,
        "dailyProfits": [
          5.068624471686469,
          -3.5044594439411543,
          0.05369318149626556,
          -2.3223126790362416,
          1.0804117565220954,
          -1.3685004842028956,
          -2.7240352240861556,
          1.4970700924047877,
          2.892490541814274,
          -2.886660538076026,
          3.0512647543814913,
          -2.1241924669352383,
          -5.966381890756395,
          -0.18467211826217622,
          -3.877666950910815,
          6.001407520101997,
          -2.6489399905433406,
          -1.5603448275861949,
          1.2311356736981394,
          2.1178727523187915,
          3.5439978917580204,
          1.4971505812581,
          -5.615207957352943,
          2.2772601575617735,
          0.9112681257856661,
          1.6188011592028437,
          0.39017815910842757,
          0.3365685420225138,
          -2.0119539046521546,
          -2.3708932858232803,
          -2.583654928160159,
          5.412213149938756,
          -0.08597927389179616,
          -5.106341042957822,
          3.525880768703474,
          4.480772169391611,
          5.073850396616461,
          -0.30051246353607475,
          4.888900156102125,
          4.563807804669504,
          -1.7069772837510093,
          0.5920519668735149,
          1.7209119079737407,
          3.0676497518061776,
          0.5002966878445076,
          -1.6659030186614037,
          -1.2365677341432724,
          -1.3784550382488583,
          1.609218538730738,
          2.9425013356330663,
          -0.5614091081179526,
          -3.3403950474434256,
          -0.8060319154197513,
          -1.279063264684322,
          3.2496876188953068,
          -3.8042370645077237,
          1.2046070678496357,
          2.8012637830597824,
          -0.48649632960715694,
          -1.473098455968398,
          2.2979411957030114,
          0.7999690260332053,
          1.9568770024566153,
          -1.2436797311071075,
          0.3682647619043777,
          -0.6638500345966225,
          -2.66268014778292,
          -7.663736547340504,
          1.3511368763499134,
          1.1578766842425752,
          2.9843979056192436,
          0.2507508663842728,
          -0.17376908092908927,
          -0.5590621316408343,
          2.1351981879100954,
          0.5333220323811618,
          0.41406345352347484,
          -0.7095228963149012,
          1.5831683387181947,
          -0.8280782738793384,
          4.665731983060156,
          1.447356221056514,
          0.4320210522255535,
          0.7380554391038734,
          -0.47622742387822603,
          -3.6763983798841187,
          2.3803772004685424,
          0.24998946846631664,
          -0.5067800999851502,
          1.055999902170858,
          -2.5557905168474537,
          -0.7564919740987237,
          1.9229089738695742,
          -1.0661309529800764,
          0.6251500134694223,
          -2.215986768902056,
          1.7347730076910743,
          2.608529960308834,
          -0.9628531298375611,
          -0.045337613143106026,
          1.0435634033806496,
          -0.37537310152435577,
          -1.1797236251216041,
          4.720614302142163,
          -2.151326786420289,
          1.2056682094790006,
          1.7680057659467634,
          2.5145426244393,
          -1.6117909723400103,
          -0.05248172873523238,
          2.4261258625408733,
          1.3770582628468198,
          0.30240891573024076,
          0.8842406013035402,
          -1.5601792045758447,
          0.36753098445814225,
          4.674805790427923,
          -2.184277906987245,
          5.065555991439912,
          -1.7137586197415775,
          -4.402547383034939,
          0.22178727257301825,
          2.0622566325272498,
          -0.035233886344427465,
          1.758945978595968,
          -1.19650162239581,
          -0.47775922353763645,
          -1.4480509706599332,
          -2.574773479255903,
          -1.495942197710825,
          -0.9847453708679788,
          -2.1101061806024894,
          1.5609333255908577,
          -2.2497482453003004,
          4.0720271631218585,
          -1.206472511571799,
          1.5706451581904344,
          -4.461489331907958,
          0.9328995767375134,
          7.446263227513245,
          3.987763113968535,
          1.7000970046489812,
          -0.6767039069723064,
          -0.052846587128366984,
          -1.8819649111776449,
          -0.7845701003753165,
          3.532278875364902,
          0.6284784325987277,
          0.5219149601063475,
          0.16141368123389066,
          -1.8555211299216787,
          -1.5283894057094778,
          -0.48386738211310787,
          1.4261225494374035,
          -0.5589986777142526,
          0.9735982375929679,
          -0.9629281832650722,
          -2.092287673308818,
          -2.1824178304270943,
          3.7236296858192173,
          0.4825465341280841,
          1.8331708160059712,
          2.216359558597906,
          2.317704742799534,
          -1.2686512382569464,
          0.2718139155635375,
          -1.4411688477436995,
          -0.8141697203372016,
          1.3330501761983018,
          2.242175286756664,
          -1.8355932031576043,
          1.2220188428527035,
          0.5949362286812256,
          3.6873173976783793,
          0.02661646225946157,
          0.5062893375624471,
          4.911562464225021,
          1.903633678457778,
          0.8154820645221186,
          -2.1189844290618414,
          0.7586298875936113,
          -0.3354406257757627,
          2.837796368467962,
          -0.6654845256739786,
          -1.3707235271965246,
          -1.1862816409353854,
          -1.4738833822291961,
          -1.3843815915467705,
          2.5343746945394745,
          -0.9007245850950854,
          1.293132203929292,
          1.467564851580653,
          4.065114026813873,
          -3.9229736392849524,
          2.8371293077104127,
          1.5539540048378342,
          -1.3305748288882016,
          -0.17713002847223258,
          -1.866108577334175,
          -1.553713174097032
        ]
      },
      "strategyAdvice": "📊 ESTRATEGIA NEUTRA: 53.0% de días ganadores con 0.28% de ganancia promedio diaria.\n      Recomendación: Análisis adicional necesario antes de implementar.\n      Ganancia total esperada: 55.31% en 200 días.\n\n📈 MÉTRICAS ADICIONALES:\n    • Días ganadores: 106/200 (53.0%)\n    • Días perdedores: 94/200 (47.0%)\n    • Ganancia máxima en un día: 7.45%\n    • Pérdida máxima en un día: -7.66%\n    • Máximo consecutivo ganador: 8 días\n    • Máximo consecutivo perdedor: 7 días\n    • Volatilidad de ganancias: 2.39%\n    • Sharpe ratio: 0.12\n    • Máximo drawdown: 16.38%\n    • Score consistencia: 76.1/100"
    }
  ]
}