{
  "timestamp": "2025-09-19T16:31:06.419Z",
  "summary": {
    "totalStrategies": 1,
    "strongBuy": 0,
    "buy": 0,
    "hold": 0,
    "sell": 1,
    "strongSell": 0
  },
  "results": [
    {
      "pair": "LONG ETHUSDT/SHORT CRVUSDT",
      "recommendation": "SELL",
      "confidence": 44.91607435651352,
      "stats": {
        "longToken": "ETHUSDT",
        "shortToken": "CRVUSDT",
        "totalDays": 200,
        "validDays": 200,
        "winningDays": 111,
        "losingDays": 89,
        "winRate": 55.50000000000001,
        "lossRate": 44.5,
        "totalProfit": -4.160743565135255,
        "averageDailyProfit": -0.020803717825676277,
        "maxSingleDayProfit": 10.291209782458344,
        "maxSingleDayLoss": -16.088049741120564,
        "maxConsecutiveWinningDays": 13,
        "maxConsecutiveLosingDays": 5,
        "profitVolatility": 3.9833500115589526,
        "sharpeRatio": -0.005222668800207789,
        "maxDrawdown": 81.83043421242562,
        "consistencyScore": 60.16649988441047,
        "dailyProfits": [
          -0.06566215499746919,
          -1.2677339469958357,
          2.2015752487229405,
          -4.8484715575865955,
          3.2905530946314467,
          3.465134890669468,
          -4.795953616114392,
          -6.4879660080873975,
          -2.0120262861996356,
          0.6934283102014094,
          -1.4335027953431765,
          -1.0071036488703426,
          -0.7062707764402407,
          -3.167704739336316,
          -3.653166399556277,
          2.4697754733278097,
          2.3829299272503404,
          -0.7277174047883274,
          -11.096549991476886,
          -1.103108408175355,
          2.5569020941263325,
          0.7693968175650686,
          -12.189194443619298,
          -5.920027227772832,
          7.8309884494067985,
          -0.787905505993888,
          3.138656032950901,
          -6.444586983430022,
          -2.7767241688491007,
          3.162192928909646,
          -4.865497094103098,
          3.7827630880763783,
          0.4797811256017591,
          2.5161744878000896,
          -10.720052794389746,
          -3.9731819225272176,
          -1.609204096992709,
          -16.088049741120564,
          -5.5458451335777195,
          2.0165144669956727,
          1.0691001336819062,
          3.7615930138500002,
          -1.627445333385095,
          -8.744339471339352,
          5.053656787180497,
          1.2445322942111448,
          -1.1810421899441883,
          0.4193755032438491,
          1.3422758883666257,
          -5.486370304750695,
          7.026337916225904,
          -5.406255579510651,
          1.5362413539702173,
          2.9650391058401344,
          0.6455137679896095,
          1.579619070142665,
          -0.006882860257845194,
          -10.484081389933499,
          3.1955454462033726,
          -3.4210113796578807,
          3.835174736121221,
          0.42142779805853214,
          0.539329152750679,
          1.9406855997116297,
          1.0676071368213333,
          7.588355895091075,
          5.73665955225827,
          3.165546646359859,
          1.8501601229425813,
          2.8740692407280535,
          6.200922579760795,
          1.6003896061468517,
          2.152232312361076,
          -0.39699338278349106,
          0.5820172657083078,
          -2.308594849735229,
          5.127214551275781,
          -5.628136382431759,
          -4.013195518354955,
          -6.3533938328003785,
          -0.08110683939596441,
          2.0347959715364685,
          1.539382421910911,
          0.9092906320779841,
          3.735149035405806,
          0.2541928915915034,
          0.8667909213184233,
          6.8475978316952695,
          -0.4769304998588121,
          -1.8139112553793024,
          1.5687964199082363,
          -0.015822382875581242,
          7.407287984743797,
          -3.2216673497186576,
          0.14779858178241678,
          -3.715522634596178,
          1.8184641482278598,
          -0.8406478128126187,
          -0.891927629946279,
          6.957841125501227,
          2.793945005988201,
          -1.7594859670231273,
          2.0653944077235,
          0.4803495668182838,
          -1.7139259677218173,
          2.5557905406614596,
          -2.117964721255615,
          1.1524317441790883,
          -0.7127594692159342,
          -2.503418277062377,
          0.2274339769798912,
          0.363597532120564,
          3.216618282115544,
          6.973262123527175,
          3.488935314972964,
          -1.0695298417256693,
          -0.5423416419316902,
          -0.468360444164301,
          1.3852022903160461,
          0.8576953732706549,
          1.6488129755271546,
          -0.17539029078231494,
          1.858857505071485,
          1.7182204057069,
          1.701976979665161,
          -3.148389386559959,
          2.0085606440224906,
          -2.123203166238179,
          -1.1308365738717185,
          -4.884413706321752,
          1.7478409738348981,
          -5.0271113730326284,
          -6.408335638780308,
          -3.4853552449215224,
          -14.23577277746802,
          -5.771755445097911,
          4.155244319837249,
          1.607019119114121,
          5.983440925390216,
          1.2164951417529335,
          -4.405168648014255,
          2.3575188707843706,
          1.0494769462378037,
          -8.372382090560864,
          -5.846001146135097,
          10.291209782458344,
          -0.5405931920963856,
          2.109716016110653,
          -3.6318380867905056,
          5.884690647981676,
          0.49469314534654263,
          -0.81488157341964,
          -2.3830548179854514,
          3.6090735790042547,
          0.3647061707008561,
          0.47037702634843237,
          2.8847820609555948,
          2.231079355150873,
          2.4785648752069256,
          1.1008643251668413,
          5.064156008446212,
          2.0885542713479657,
          -2.6787959936929404,
          7.955442052938276,
          2.450593352909058,
          -0.1058217722405248,
          -0.32850929240244464,
          -2.88018485332903,
          0.386140236301876,
          -1.0213824590164489,
          0.07285112641487324,
          5.317104355553335,
          2.647169277111538,
          -1.1834301012349135,
          5.792463457952554,
          1.9474405875230687,
          -2.190047949341028,
          0.6068376324769217,
          1.761095180715071,
          -1.6548149540345753,
          3.1509054953131166,
          -0.07010769311923593,
          -2.6768714770915043,
          -0.13488965598376002,
          1.1861837462156681,
          -0.7391961969040834,
          -0.7178617901839067,
          -0.38484701317389125,
          -2.246958552438816,
          1.18090287976589,
          0.35729813248472964,
          -3.584685967319646,
          4.090215218315263,
          0.47938181562271187,
          3.282000762588855,
          3.7641671422684837,
          1.9759996949609944,
          -5.226125605648972,
          -4.574496408337864,
          1.4634821281346921
        ]
      },
      "strategyAdvice": "⚠️ ESTRATEGIA DÉBIL: Solo 55.5% de días ganadores con -0.02% de ganancia promedio diaria.\n      Recomendación: No implementar esta estrategia.\n      Pérdida total esperada: -4.16% en 200 días.\n\n📈 MÉTRICAS ADICIONALES:\n    • Días ganadores: 111/200 (55.5%)\n    • Días perdedores: 89/200 (44.5%)\n    • Ganancia máxima en un día: 10.29%\n    • Pérdida máxima en un día: -16.09%\n    • Máximo consecutivo ganador: 13 días\n    • Máximo consecutivo perdedor: 5 días\n    • Volatilidad de ganancias: 3.98%\n    • Sharpe ratio: -0.01\n    • Máximo drawdown: 81.83%\n    • Score consistencia: 60.2/100"
    }
  ]
}