{
  "timestamp": "2025-09-19T16:37:32.200Z",
  "summary": {
    "totalStrategies": 1,
    "strongBuy": 0,
    "buy": 0,
    "hold": 1,
    "sell": 0,
    "strongSell": 0
  },
  "results": [
    {
      "pair": "LONG SOLUSDT/SHORT GMXUSDT",
      "recommendation": "HOLD",
      "confidence": 58.69838882626522,
      "stats": {
        "longToken": "SOLUSDT",
        "shortToken": "GMXUSDT",
        "totalDays": 200,
        "validDays": 200,
        "winningDays": 108,
        "losingDays": 92,
        "winRate": 54,
        "lossRate": 46,
        "totalProfit": 46.98388826265224,
        "averageDailyProfit": 0.23491944131326123,
        "maxSingleDayProfit": 18.119258221577223,
        "maxSingleDayLoss": -34.12952360149699,
        "maxConsecutiveWinningDays": 6,
        "maxConsecutiveLosingDays": 7,
        "profitVolatility": 4.327872243117243,
        "sharpeRatio": 0.054280585959269316,
        "maxDrawdown": 53.63181146986281,
        "consistencyScore": 56.721277568827574,
        "dailyProfits": [
          1.2210973197000095,
          -0.6039168126487955,
          0.005865410400879512,
          0.47095659665824563,
          -1.4480361858306308,
          1.634115152434954,
          -3.6854898201313,
          3.143281841709307,
          -0.7023479361433382,
          -1.013010055225164,
          -1.5978372868740358,
          -6.9563724674935425,
          6.450156108900496,
          -0.7884798767210754,
          -0.0638164791548883,
          5.2165046707631175,
          -1.8813181875606464,
          0.3400048227634473,
          -0.8039373951954017,
          3.2393103596534663,
          4.1381192031896585,
          5.797319339053965,
          -4.10347903657447,
          0.5736971741868016,
          -0.8739532794194513,
          3.8641831699683027,
          1.8213117900248972,
          0.5941303313001585,
          0.8844330579559663,
          1.713421940248879,
          -1.2129109180718736,
          3.0862785860390174,
          -0.7817013567884041,
          -4.988195765083979,
          -14.897368027679656,
          -6.5517867802431935,
          4.082888998063405,
          -6.333198226865155,
          5.113180307277547,
          5.828128763209395,
          -2.578103640032319,
          -4.521415564289928,
          -3.0688415176891293,
          1.1797600470696668,
          7.8028868714846595,
          -2.7069020987543637,
          4.5355872817092315,
          4.395241288445163,
          4.898938761022065,
          2.4466966506391863,
          -1.5228424059059464,
          -0.56860981814422,
          -2.3775099057729108,
          -3.843482185485848,
          0.9894767290853949,
          0.35914307644598287,
          2.49073842823842,
          5.76778624510985,
          3.850727045843949,
          -2.637398491879335,
          4.3832843045846115,
          -1.4354971239923837,
          4.696681664196164,
          -1.1188842792950788,
          0.7476261292315309,
          -3.5331458646516882,
          3.8015355068143792,
          -6.709725158802321,
          1.5295507106848207,
          1.3958667532538276,
          1.9009030463861323,
          -4.7142881775522625,
          4.0891925911387155,
          1.568827792197423,
          1.6093935176170542,
          -0.8603978269602113,
          -1.4967781010306758,
          -1.0373028694185926,
          1.8851170748865709,
          -2.142995369353897,
          4.1659275495939605,
          0.48026086032281445,
          -0.9274966986187441,
          -0.02222246917970616,
          -6.100858057988027,
          -1.392816314422847,
          -1.5944578496353317,
          3.1059277160083827,
          -1.7097548777935905,
          -0.9837178323250532,
          -6.563162849266166,
          -2.0551820160913064,
          -0.8064100989784195,
          -0.1536125831993269,
          2.194536038081982,
          -4.979010615870013,
          3.3871688036266328,
          -2.8201532574357593,
          -2.5544696058471112,
          4.478907211195127,
          1.6568242235449198,
          -0.06738735288724396,
          -2.336141042011216,
          5.75181472519875,
          -3.843981454608116,
          1.8339484953296004,
          0.6372794266414636,
          1.4245017690509822,
          -1.5514912369264167,
          2.2705627802181425,
          0.33358421541027106,
          0.8035918705589236,
          -1.15800163656986,
          1.7277340025801051,
          -1.4842642705693883,
          1.966644607336016,
          3.956826993069561,
          -0.3546049682348771,
          3.352776017790372,
          0.11195179025027624,
          -6.47479424186716,
          -2.62972104163437,
          4.2534475522445,
          -0.31155615358993416,
          2.5600328836703423,
          -1.7463510070517982,
          -0.008751630754449291,
          18.119258221577223,
          7.700622804851077,
          -11.7066451132051,
          0.24910370333101683,
          0.04528310706387434,
          2.685853385112755,
          -2.8100957828905564,
          4.1990402530165705,
          -0.8927455970858,
          0.20515532108806833,
          -1.7934086409688943,
          2.8812119943640093,
          6.420044046947592,
          5.242182709993861,
          -1.9743406115667543,
          -2.2263556268489477,
          -0.34943267226732333,
          -1.0766966383494296,
          -2.335950593281809,
          1.9676256926570659,
          -0.12661231118191185,
          -0.43462642725525336,
          -0.7170464987905305,
          -1.7829454786097538,
          -3.4275318579636957,
          -0.7648041882104484,
          -5.1587178213966585,
          0.054820170010781766,
          -1.700763326994712,
          -0.5979896103918305,
          1.1490799320753906,
          -34.12952360149699,
          9.337483534650325,
          2.3434161230876676,
          8.86574852808943,
          3.0813510627418044,
          6.753063362964098,
          -2.2682601613288584,
          1.2405244326016327,
          -1.9432000573094785,
          0.031373747574877875,
          0.23653856895795844,
          0.7927484917395029,
          -1.73332689465474,
          5.849542078485839,
          2.98010325914057,
          2.8108859856134507,
          -4.1087811958914,
          0.7221926534449232,
          3.0311639793032126,
          3.8849121132585824,
          1.0519738015578124,
          -2.460502235821589,
          0.5889270089325822,
          1.1613962493136394,
          2.5189652533248963,
          0.5390192711314749,
          0.5301859371490156,
          0.016878077932356572,
          -1.1543756258284656,
          1.5980140285013034,
          3.620936116296428,
          0.47156380924128394,
          0.9450653464136045,
          0.8688681404246668,
          3.2768242499056157,
          -0.9577288910514864,
          1.430321239679033,
          -0.9488982266318315,
          -0.8813677379370661,
          1.227095117388557,
          -1.1600460461564681,
          0.6742962878471035
        ]
      },
      "strategyAdvice": "📊 ESTRATEGIA NEUTRA: 54.0% de días ganadores con 0.23% de ganancia promedio diaria.\n      Recomendación: Análisis adicional necesario antes de implementar.\n      Ganancia total esperada: 46.98% en 200 días.\n\n📈 MÉTRICAS ADICIONALES:\n    • Días ganadores: 108/200 (54.0%)\n    • Días perdedores: 92/200 (46.0%)\n    • Ganancia máxima en un día: 18.12%\n    • Pérdida máxima en un día: -34.13%\n    • Máximo consecutivo ganador: 6 días\n    • Máximo consecutivo perdedor: 7 días\n    • Volatilidad de ganancias: 4.33%\n    • Sharpe ratio: 0.05\n    • Máximo drawdown: 53.63%\n    • Score consistencia: 56.7/100"
    }
  ]
}