{
  "timestamp": "2025-09-19T16:27:55.281Z",
  "summary": {
    "totalStrategies": 1,
    "strongBuy": 0,
    "buy": 0,
    "hold": 0,
    "sell": 1,
    "strongSell": 0
  },
  "results": [
    {
      "pair": "LONG BTCUSDT/SHORT CRVUSDT",
      "recommendation": "SELL",
      "confidence": 53.4243764911899,
      "stats": {
        "longToken": "BTCUSDT",
        "shortToken": "CRVUSDT",
        "totalDays": 200,
        "validDays": 200,
        "winningDays": 105,
        "losingDays": 95,
        "winRate": 52.5,
        "lossRate": 47.5,
        "totalProfit": -59.24376491189903,
        "averageDailyProfit": -0.29621882455949516,
        "maxSingleDayProfit": 11.26389314619411,
        "maxSingleDayLoss": -20.93466331808095,
        "maxConsecutiveWinningDays": 5,
        "maxConsecutiveLosingDays": 8,
        "profitVolatility": 4.402533311764673,
        "sharpeRatio": -0.0672837213446913,
        "maxDrawdown": 88.2861845488088,
        "consistencyScore": 55.974666882353276,
        "dailyProfits": [
          0.11816194494848675,
          -0.6870761119587097,
          3.214808567645533,
          -5.576792919854094,
          -0.2709161905634004,
          5.412066099419153,
          0.2430588521099386,
          -4.0965915719645265,
          -0.31984349928723765,
          -0.08562728903546457,
          -0.4224101758994556,
          -1.9196048320537173,
          -0.2073737048903157,
          -3.511922774537973,
          -5.466661373634439,
          1.0172527475987647,
          2.877674349600563,
          0.021851809349210938,
          -12.152242028303654,
          0.29306267547792997,
          0.4521698298721395,
          1.3722033544101337,
          -10.001366243111242,
          -5.256947019351255,
          9.941132569125381,
          0.7366509496674185,
          3.9390211074543604,
          -7.062993379614319,
          -4.146681336114341,
          5.821407150840571,
          -5.247642996147024,
          4.615882999407787,
          0.658604795939228,
          8.874333232861176,
          -8.030947041573222,
          -2.4343783538238917,
          -6.673444703892258,
          -10.908376366085355,
          -3.682186278460927,
          -0.6975936476667584,
          2.114177946644336,
          3.126501746629858,
          -0.5921751552790696,
          -7.550380735354591,
          5.735325852109022,
          0.37361385611459474,
          -2.020975505848571,
          2.1449938687347667,
          4.576642352609721,
          -9.900129919317115,
          5.081445238814728,
          -3.6807181292963285,
          1.391240591335293,
          0.9208055195626442,
          1.3414284414922588,
          2.4461025880990803,
          -0.6858449132750435,
          -10.340452005240818,
          3.1764448729260453,
          -3.232377039339202,
          3.24252499922716,
          0.11933506883140166,
          0.3967199848452248,
          4.333041586397406,
          1.5946717380708764,
          -7.870353117354122,
          -0.7796838650186964,
          -5.2071314747473325,
          3.847899194929983,
          2.3598289980963987,
          0.09513643449037001,
          3.6390831460105972,
          4.739128373202714,
          -0.2315794194228054,
          2.701734971111672,
          0.0013925150773501649,
          3.0845913061753345,
          -4.2630147577190325,
          -2.4600509355672857,
          -8.943461269941128,
          1.1903553733045893,
          2.293394948395767,
          1.8697960890472078,
          0.8151343815800154,
          -0.5065310646481953,
          -1.5886585248424754,
          0.7057797213219743,
          9.13042827789501,
          0.23620768792092917,
          -1.250054988235337,
          -0.9139101792776766,
          0.06892176894006347,
          6.2093801647277935,
          1.1600874522204752,
          0.3145900995236768,
          -4.46370488634585,
          2.5773669441709526,
          -3.3421430201028874,
          -5.966070781072737,
          7.071049553162962,
          4.709692195483459,
          1.0159178964744702,
          3.3284546727114757,
          -0.014894431789511109,
          -0.441594484799249,
          1.800194513166057,
          -2.3965775474737,
          1.0885271975306907,
          2.5343712485674326,
          0.9587745316386489,
          2.0581906297791024,
          -3.5659064562559495,
          2.402241844123316,
          9.38276480550662,
          3.2273410194668504,
          -1.2739621560161936,
          -0.8233284088267376,
          -2.1272806074762833,
          0.852904554761404,
          2.727278025527653,
          -2.2303556320065545,
          -0.3107376347312032,
          3.609881987469101,
          1.5825503319269298,
          0.4883700926347552,
          -2.9183180820809818,
          -0.2512244376869013,
          -5.8705580590509605,
          -3.430437156192701,
          -3.8110202034515908,
          2.160934103114952,
          -4.584186280104739,
          -7.174118391645776,
          -9.347513543818028,
          -20.93466331808095,
          -8.44046192183548,
          1.0896571040549776,
          0.26383120593805964,
          0.9106736381711837,
          1.1646445550636566,
          -1.7840531824423955,
          4.506154093961644,
          -1.4676753107319063,
          -9.47227389251459,
          -6.019124420641709,
          8.058126230829174,
          0.2143055007706549,
          2.152364901052582,
          -4.152756073106946,
          7.052202307339113,
          4.047661389255302,
          1.224293391272607,
          -3.9348580906009474,
          -2.062797229236788,
          2.4895588986201838,
          -0.7478568014423197,
          -1.1217123053775055,
          -0.9845081844818429,
          -3.9664168579174772,
          3.768462804445533,
          5.197942496918768,
          -5.388507624281561,
          -3.496997456161424,
          8.154444687113912,
          4.0063673052638995,
          0.3208312525143076,
          -1.4459375913250547,
          -0.3205033633607458,
          3.0046167243640376,
          -6.176256037337235,
          1.0794684067980702,
          -5.100193867163248,
          2.476873522115765,
          -2.9044803678329223,
          11.26389314619411,
          -1.68210133967551,
          -0.59704542485359,
          1.6797947424611404,
          1.3869764294978468,
          -1.5598924839961827,
          2.2125822643948068,
          2.6062213904165326,
          -1.121767259306081,
          -2.581616557357959,
          3.749313566325776,
          -1.0333378393497448,
          -0.3476633653342707,
          -0.2964649316271777,
          -1.4162437420689589,
          0.6313064496564437,
          1.6106557548838216,
          -4.765923387763616,
          -1.1178898119188128,
          1.351958719673818,
          4.050698350785179,
          5.588555062530667,
          3.719997933945363,
          -7.500738289046051,
          -3.9742379522647426,
          3.0957558410237542
        ]
      },
      "strategyAdvice": "⚠️ ESTRATEGIA DÉBIL: Solo 52.5% de días ganadores con -0.30% de ganancia promedio diaria.\n      Recomendación: No implementar esta estrategia.\n      Pérdida total esperada: -59.24% en 200 días.\n\n📈 MÉTRICAS ADICIONALES:\n    • Días ganadores: 105/200 (52.5%)\n    • Días perdedores: 95/200 (47.5%)\n    • Ganancia máxima en un día: 11.26%\n    • Pérdida máxima en un día: -20.93%\n    • Máximo consecutivo ganador: 5 días\n    • Máximo consecutivo perdedor: 8 días\n    • Volatilidad de ganancias: 4.40%\n    • Sharpe ratio: -0.07\n    • Máximo drawdown: 88.29%\n    • Score consistencia: 56.0/100"
    }
  ]
}