{
  "timestamp": "2025-09-19T16:30:08.940Z",
  "summary": {
    "totalStrategies": 1,
    "strongBuy": 0,
    "buy": 0,
    "hold": 1,
    "sell": 0,
    "strongSell": 0
  },
  "results": [
    {
      "pair": "LONG ETHUSDT/SHORT DOTUSDT",
      "recommendation": "HOLD",
      "confidence": 62.20648804672581,
      "stats": {
        "longToken": "ETHUSDT",
        "shortToken": "DOTUSDT",
        "totalDays": 200,
        "validDays": 200,
        "winningDays": 109,
        "losingDays": 91,
        "winRate": 54.50000000000001,
        "lossRate": 45.5,
        "totalProfit": 77.06488046725804,
        "averageDailyProfit": 0.3853244023362902,
        "maxSingleDayProfit": 9.58211712439403,
        "maxSingleDayLoss": -5.71667438627658,
        "maxConsecutiveWinningDays": 6,
        "maxConsecutiveLosingDays": 7,
        "profitVolatility": 2.3127346344525734,
        "sharpeRatio": 0.16660986375010414,
        "maxDrawdown": 21.003121963558012,
        "consistencyScore": 76.87265365547427,
        "dailyProfits": [
          4.2651198660327,
          -1.2988361191777247,
          0.3201132463714078,
          -2.346006412337377,
          5.681949185347401,
          -2.0167927905768286,
          -3.9308138921011455,
          -1.3175511244793858,
          1.0880285663269023,
          -2.613020821006796,
          -2.6771257808949915,
          -2.5336162002695866,
          -1.3949610127673564,
          0.4074621029140857,
          -1.5120564247221993,
          4.469141406990496,
          -0.4514826118779305,
          -3.159370447476782,
          1.9605278419323087,
          0.01828481848102559,
          1.1510031121016318,
          -1.091105863833112,
          -3.9705602712309185,
          1.1993358896000197,
          2.047440869430946,
          1.7900042865976458,
          -0.9156528411999005,
          1.3815013503331404,
          0.7992511148038233,
          -0.822876698862995,
          -1.144146564664069,
          0.5959531760689328,
          1.335286332738574,
          -5.595359674389164,
          0.7423994776294944,
          0.8303206344519047,
          5.432448447708284,
          -3.8795694314919613,
          0.18647114890555727,
          0.5789999135941262,
          -1.6119248991249668,
          1.409861002186926,
          2.1154822709718384,
          -1.8118650456922532,
          -1.7545119228072166,
          -0.7587713268273759,
          -4.025291597187783,
          -1.5538984838409529,
          2.0614522360055183,
          5.180664666189214,
          0.0896329760407979,
          -5.71667438627658,
          1.1733921726798087,
          1.821382974569929,
          2.456177242697154,
          -3.2368387421442866,
          2.124501998074413,
          1.7200727358662498,
          -0.24949721638108358,
          0.6061064528632363,
          2.725171263860113,
          1.3362774120143988,
          0.6518780681126831,
          -1.5279874144703973,
          -0.24863200355155585,
          9.58211712439403,
          -1.485789731848051,
          -0.47003118300801106,
          1.335683118457888,
          -0.1910057328083542,
          4.8968502699358964,
          1.5090351811886675,
          1.7157228505777664,
          0.027023683295691714,
          0.561683864928916,
          -2.985281700648036,
          5.345642049038147,
          -1.8965067378657579,
          -0.2852905866543076,
          0.09561221902134509,
          2.630391689349615,
          0.5274037387089043,
          1.3283356578341825,
          1.7051848016849092,
          2.28833232547143,
          -0.34299760412298075,
          3.707017775600307,
          2.7521773386200183,
          -0.7968014903922099,
          0.710855888702657,
          0.6695550899137195,
          -0.2500040307128711,
          3.719112949024382,
          -2.634097425771989,
          0.7363005083305387,
          -1.7714062858840771,
          -0.4377718500431609,
          3.6800759760501673,
          1.6644163228875222,
          0.8773085365789861,
          1.7705663929530564,
          -0.3348929356588761,
          -0.392572785246603,
          -0.3657902909623971,
          -0.8158706540645381,
          1.9570961796638928,
          3.207841556402781,
          1.889406760665014,
          -1.4459550495507472,
          -1.3148029814967348,
          2.210027446956217,
          -0.08341787636197395,
          0.8522031459143765,
          1.277419634553017,
          1.4761218096583462,
          -1.5203008561320226,
          -0.8850197360521768,
          -1.2556175263893334,
          3.508953406644033,
          0.17756305328050992,
          -1.2019580112288155,
          0.9800180659713643,
          1.9028740769526125,
          0.3932859962859764,
          0.9810262264194782,
          -0.32584801534595953,
          0.524539455517425,
          0.8806383049980449,
          -0.6166929473114777,
          -0.40918536572178266,
          -0.12067251965812253,
          -1.413672754650558,
          2.302541285322399,
          0.7830312977215921,
          5.626852119272806,
          0.6274972913707395,
          2.7890976238693383,
          -3.009740133406719,
          2.9976093258387193,
          -0.27397497863809595,
          -1.5395513220406714,
          6.476543781166636,
          4.938713574535788,
          -1.6886122283076441,
          -0.44760260142521174,
          0.6885641374905576,
          4.575670781502004,
          1.3760995045155247,
          2.9880966705077516,
          0.35402894378155114,
          -2.016798201629206,
          -1.6312043616138228,
          0.34933852085642947,
          3.165517975029383,
          -0.2677688794059119,
          0.5098817739425752,
          0.8811489628291547,
          -0.3594122902229455,
          2.2930108039994153,
          1.987180962115825,
          4.125287802261849,
          0.8351936528670425,
          0.5962260771191858,
          2.5406888696279335,
          -0.12804508227297395,
          -2.216590501717522,
          -1.0308057899200638,
          -0.1572861890881092,
          -0.49791642383419354,
          1.9850890541498032,
          -0.3166811710293307,
          4.273489725950146,
          -2.2348370907172974,
          2.827540829031797,
          0.697428459790638,
          1.0037742699757848,
          -0.7551204602558039,
          -3.6530808672088066,
          1.828211370739146,
          -0.6435634424109044,
          2.1993000754870016,
          -0.4513092469681752,
          -3.132804773166721,
          1.6608674394622893,
          -0.7974386827800939,
          -1.470188224049133,
          -0.6922367415442365,
          -3.698557223887592,
          -1.222046197012458,
          -2.2619624171365142,
          -0.9499288057616115,
          1.9007009393856737,
          3.8663537724961787,
          -4.973902568661994,
          2.5883976321591105,
          2.0694746192626994,
          -2.9535100042583062,
          -1.5202695818397698,
          -3.0152700814284086,
          -0.22801694020408547
        ]
      },
      "strategyAdvice": "📊 ESTRATEGIA NEUTRA: 54.5% de días ganadores con 0.39% de ganancia promedio diaria.\n      Recomendación: Análisis adicional necesario antes de implementar.\n      Ganancia total esperada: 77.06% en 200 días.\n\n📈 MÉTRICAS ADICIONALES:\n    • Días ganadores: 109/200 (54.5%)\n    • Días perdedores: 91/200 (45.5%)\n    • Ganancia máxima en un día: 9.58%\n    • Pérdida máxima en un día: -5.72%\n    • Máximo consecutivo ganador: 6 días\n    • Máximo consecutivo perdedor: 7 días\n    • Volatilidad de ganancias: 2.31%\n    • Sharpe ratio: 0.17\n    • Máximo drawdown: 21.00%\n    • Score consistencia: 76.9/100"
    }
  ]
}