{
  "timestamp": "2025-09-19T16:29:45.639Z",
  "summary": {
    "totalStrategies": 1,
    "strongBuy": 0,
    "buy": 0,
    "hold": 1,
    "sell": 0,
    "strongSell": 0
  },
  "results": [
    {
      "pair": "LONG BTCUSDT/SHORT DOTUSDT",
      "recommendation": "HOLD",
      "confidence": 56.665783688318704,
      "stats": {
        "longToken": "BTCUSDT",
        "shortToken": "DOTUSDT",
        "totalDays": 200,
        "validDays": 200,
        "winningDays": 109,
        "losingDays": 91,
        "winRate": 54.50000000000001,
        "lossRate": 45.5,
        "totalProfit": 21.657836883186974,
        "averageDailyProfit": 0.10828918441593487,
        "maxSingleDayProfit": 8.62517900434391,
        "maxSingleDayLoss": -8.842709304115203,
        "maxConsecutiveWinningDays": 8,
        "maxConsecutiveLosingDays": 7,
        "profitVolatility": 2.6348138136690515,
        "sharpeRatio": 0.04109936871218205,
        "maxDrawdown": 27.22255839688444,
        "consistencyScore": 73.65186186330948,
        "dailyProfits": [
          4.448943965978656,
          -0.7181782841405986,
          1.3333465652940002,
          -3.0743277746048765,
          2.1204799001525543,
          -0.0698615818271433,
          1.108198576123185,
          1.0738233116434852,
          2.7802113532393,
          -3.39207642024367,
          -1.6660331614512707,
          -3.4461173834529615,
          -0.8960639412174314,
          0.06324406771242841,
          -3.3255513988003607,
          3.016618681261451,
          0.04326181047229216,
          -2.409801233339244,
          0.9048358051055413,
          1.4144559021343106,
          -0.953729152152561,
          -0.4882993269880468,
          -1.7827320707228629,
          1.8624160980215965,
          4.1575849891495285,
          3.3145607422589523,
          -0.11528776669644084,
          0.7630949541488431,
          -0.5707060524614169,
          1.8363375230679293,
          -1.526292466707995,
          1.429073087400341,
          1.5141100030760428,
          0.762799070671921,
          3.431505230446019,
          2.369124203155231,
          0.3682078408087346,
          1.300103943543247,
          2.0501300040223502,
          -2.135108201068305,
          -0.5668470861625368,
          0.7747697349667839,
          3.1507524490778636,
          -0.617906309707493,
          -1.0728428578786917,
          -1.629689764923926,
          -4.865224913092166,
          0.17171988164996488,
          5.2958187002486135,
          0.7669050516227944,
          -1.8552597013703775,
          -3.9911369360622575,
          1.0283914100448843,
          -0.22285061170756096,
          3.1520919161998036,
          -2.370355224187872,
          1.4455399450572144,
          1.8637021205589313,
          -0.26859778965841086,
          0.7947407931819149,
          2.132521526966051,
          1.0341846827872683,
          0.5092689002072288,
          0.8643685722153789,
          0.27843259769798717,
          -5.876591888051167,
          -8.002133149125017,
          -8.842709304115203,
          3.3334221904452894,
          -0.7052459754400092,
          -1.2089358753345283,
          3.547728721052413,
          4.302618911419405,
          0.19243764665637736,
          2.68140157033228,
          -0.6752943358354568,
          3.3030188039376998,
          -0.5313851131530316,
          1.2678539961333615,
          -2.494455218119404,
          3.901853902050169,
          0.786002715568203,
          1.6587493249704792,
          1.6110285511869402,
          -1.9533477745825718,
          -2.1858490205569594,
          3.546006575603858,
          5.035007784819758,
          -0.08366330261246868,
          1.2747121558466226,
          -1.8131515092721935,
          -0.16525987889722638,
          2.5212051290083792,
          1.747657376167144,
          0.9030920260717987,
          -2.519588537633749,
          0.32113094589993185,
          1.1785807687598986,
          -3.409726828238936,
          0.9905169642407208,
          3.686313582448314,
          2.4405109278387216,
          0.8704874797413729,
          -0.861034289570192,
          0.4564608288580302,
          1.20150015216849,
          2.9292287301846964,
          1.8255022140166164,
          1.8011756682326199,
          2.1473898272042913,
          4.040784099755428,
          -4.012921864738487,
          0.03782670792214882,
          3.6869223165324616,
          1.2145275141522331,
          -1.7247331704225468,
          -1.1660065029472242,
          -2.9145376897013158,
          2.976655671089391,
          2.047145705537508,
          -5.081126618762525,
          0.8446707220224761,
          3.6538985593502282,
          0.2576159225060064,
          -0.23258066061092753,
          -0.09577671086698214,
          -1.735245626191967,
          -2.866716587814737,
          -2.91629352963246,
          0.6642081371483781,
          0.29242060962193106,
          -0.9707476617226682,
          1.5367585324569313,
          -5.079127001174914,
          -1.0720384213401233,
          -2.0412091853668297,
          -0.27648959191293265,
          -4.35292804658278,
          -2.0751579613803126,
          -0.32582556532737295,
          1.081564143531188,
          8.62517900434391,
          2.421561317566078,
          -2.788504030261371,
          -0.6207258759318227,
          -1.5445194141386112,
          5.330569474369045,
          1.4187483894574537,
          2.467178684191311,
          1.521540603138988,
          1.536170042279554,
          0.40797060307842437,
          -1.2024647517590663,
          -2.50635283321166,
          1.8570838485134158,
          -0.7083520538481769,
          -3.1253454035039456,
          -3.5749998298556616,
          -4.151970929124988,
          4.654779441394517,
          4.259074290734405,
          -6.641868242762484,
          -0.22197538534929784,
          2.73969150380357,
          1.4277288700818676,
          -1.7899374769626895,
          -2.1482340888426736,
          2.4023953008801753,
          2.120560064227968,
          -3.169784524170983,
          0.6899361093538663,
          -6.143808496766437,
          -2.4051328457130703,
          1.106490562433788,
          6.168858148032195,
          -2.625767657222794,
          0.837882064231634,
          -2.5801237572245883,
          1.454092619521922,
          -0.5486409723725116,
          1.2609768445686917,
          2.2250198365675935,
          -1.5777005553812977,
          -0.7858594619119097,
          1.765691137330014,
          -1.7643298664947942,
          -0.3220383166946005,
          -3.6101751423408786,
          -0.39133138664260136,
          -2.8115588472459607,
          0.30342881663748056,
          0.7194635189417041,
          -1.3417512577378978,
          -4.101325664610887,
          3.357095220355435,
          3.893862539524883,
          -1.2095117652739378,
          -3.794882265236849,
          -2.415011625355287,
          1.0802345353777305
        ]
      },
      "strategyAdvice": "📊 ESTRATEGIA NEUTRA: 54.5% de días ganadores con 0.11% de ganancia promedio diaria.\n      Recomendación: Análisis adicional necesario antes de implementar.\n      Ganancia total esperada: 21.66% en 200 días.\n\n📈 MÉTRICAS ADICIONALES:\n    • Días ganadores: 109/200 (54.5%)\n    • Días perdedores: 91/200 (45.5%)\n    • Ganancia máxima en un día: 8.63%\n    • Pérdida máxima en un día: -8.84%\n    • Máximo consecutivo ganador: 8 días\n    • Máximo consecutivo perdedor: 7 días\n    • Volatilidad de ganancias: 2.63%\n    • Sharpe ratio: 0.04\n    • Máximo drawdown: 27.22%\n    • Score consistencia: 73.7/100"
    }
  ]
}