{
  "timestamp": "2025-09-19T16:43:41.989Z",
  "summary": {
    "totalStrategies": 2,
    "strongBuy": 0,
    "buy": 1,
    "hold": 1,
    "sell": 0,
    "strongSell": 0
  },
  "results": [
    {
      "pair": "LONG ETHUSDT/SHORT OPUSDT",
      "recommendation": "BUY",
      "confidence": 62.97880470884832,
      "stats": {
        "longToken": "ETHUSDT",
        "shortToken": "OPUSDT",
        "totalDays": 200,
        "validDays": 200,
        "winningDays": 110,
        "losingDays": 90,
        "winRate": 55.00000000000001,
        "lossRate": 45,
        "totalProfit": 79.78804708848314,
        "averageDailyProfit": 0.3989402354424157,
        "maxSingleDayProfit": 11.361761430208402,
        "maxSingleDayLoss": -9.42231783712097,
        "maxConsecutiveWinningDays": 10,
        "maxConsecutiveLosingDays": 5,
        "profitVolatility": 3.2632782559393374,
        "sharpeRatio": 0.12225136937566497,
        "maxDrawdown": 19.17688959600532,
        "consistencyScore": 67.36721744060662,
        "dailyProfits": [
          5.412005765158843,
          -1.660693805831165,
          1.586230225665767,
          -2.9618788604551933,
          5.0907505904161034,
          0.9928463434845796,
          -2.269828425833891,
          -2.718877824313547,
          -3.9640367876349747,
          2.492757143322172,
          -1.0603501464503622,
          -0.9713025745003687,
          3.7230526974012492,
          -4.784810010201014,
          1.7376385182942988,
          1.069095126168751,
          0.828599350118461,
          2.8406295525232057,
          -0.8923647200511698,
          1.3941230425444653,
          -1.6057930943854726,
          -0.6126432582986947,
          -0.7501667836807873,
          -2.5514989328761173,
          2.6270793094671356,
          4.304667635859302,
          1.889427260660012,
          2.15670288012443,
          1.2554508818522003,
          1.6358819121287302,
          1.3692507977779917,
          -1.4483817993005137,
          1.2352900388949242,
          1.300584112147673,
          -3.917269956172608,
          -1.2249240828059538,
          1.1265210709629265,
          -5.206094306727176,
          -0.6688243057015493,
          0.8568300534092774,
          -0.3565389078035439,
          3.5595533970441244,
          1.1829270920728256,
          -0.2610552011301299,
          -1.482510830191158,
          -2.3177430134697348,
          -4.480242808441502,
          -3.4546625142848493,
          1.6042201267105143,
          5.328812814337354,
          -1.973144303408406,
          -4.140385362879889,
          -1.177386325348035,
          -2.1749722321778076,
          6.560555201341221,
          -0.8141183848534448,
          3.201318863434427,
          3.592239951747802,
          2.2061100915699545,
          2.5518235402399685,
          4.304105130773035,
          0.5724501614702824,
          4.090216776352127,
          4.653404006863206,
          1.8069868365257054,
          5.773121670832669,
          -3.576538489263477,
          -9.42231783712097,
          2.6171893312129324,
          3.759151483703471,
          -2.2048309946324807,
          6.80196411230479,
          5.9732707256570965,
          5.145650723898466,
          -0.8941958489495734,
          -3.6677928796569157,
          3.5442464689466053,
          -1.2798368530117075,
          -1.989590882284609,
          -4.678005251999007,
          3.0704554050134805,
          0.15476016133055384,
          0.4186278644921162,
          -1.3874978764824988,
          3.787884697897575,
          -1.4525617393112928,
          4.039840854919778,
          11.361761430208402,
          -4.79985745260075,
          0.5948958124776773,
          -0.3953849555760751,
          0.05867697405675876,
          6.124856299511194,
          -1.5257917821640339,
          2.232660928904157,
          -3.9522251644641666,
          2.124705473822893,
          -0.41641467432957313,
          -5.433837824393839,
          2.6851845752767574,
          4.569354752173444,
          3.6395887282093415,
          -3.4005639396919967,
          1.8340244893562951,
          1.384849760147105,
          2.77160217328269,
          -0.11467217616739844,
          -0.33096833087564526,
          -0.4763708814515919,
          2.0395124935753914,
          1.1791069504486753,
          -4.293595915697445,
          0.06298240172315506,
          1.6536631423645625,
          1.9320132619698496,
          -0.8357834076986019,
          -2.6637803057005947,
          -7.316803482706937,
          5.840262238203568,
          3.8050388293380895,
          0.05912846327231325,
          -1.143053230002497,
          4.118277901797374,
          -0.23231100102824515,
          0.07545478888643498,
          -1.459327180207775,
          2.135503970074046,
          -1.2347877596882038,
          -5.502148536645786,
          0.08283688959423191,
          1.1644986539069988,
          0.20604229240006,
          0.7877594264923337,
          -3.008060563926528,
          7.439688963956781,
          1.288543677768644,
          -2.013328041232374,
          -0.7341038102441013,
          1.8326173351586599,
          -2.783541305168728,
          0.31530118132440504,
          10.709963279042167,
          1.8778327363938505,
          -3.410259738508027,
          0.015777446423360653,
          0.7351155123659727,
          -4.179222969185524,
          4.210684733968897,
          3.1820981449189687,
          2.5946829946539824,
          -2.8347080951343737,
          -0.23339644186248165,
          -0.9330371041582599,
          -0.7409171747760066,
          3.312075549786478,
          0.9149686588733239,
          -1.0226937736961528,
          -3.0419108051756694,
          -0.7384609537324494,
          2.356477276313068,
          4.426031628839499,
          3.6169413474631087,
          -7.5957704603114395,
          9.482558873572955,
          1.3619840162080359,
          -2.603685445653292,
          -1.4259297916014375,
          1.568567190659401,
          -0.7886294430373519,
          0.7168353094909348,
          -0.7409590960545056,
          3.809748910680714,
          -3.886369507416776,
          4.414474907090536,
          2.857842979267117,
          2.497563659065972,
          -0.8513206897045786,
          -5.693924882217223,
          2.6845944110593574,
          -1.608282517990502,
          2.5087640102962006,
          0.9708391852723652,
          -5.278249043215757,
          1.6547856506821657,
          0.5847652606204261,
          -4.104459150427711,
          0.2590915932071628,
          -0.4201173241462135,
          -4.254385652572898,
          -1.536371819277821,
          -0.34628505687707567,
          0.37103253907926836,
          4.238314629804853,
          -3.339492613110199,
          2.9009964965848143,
          3.5940839574794117,
          -5.258816190416678,
          -2.267812182912037,
          -2.47653082057959,
          0.8662368178984514
        ]
      },
      "strategyAdvice": "⚡ ESTRATEGIA BUENA: 55.0% de días ganadores con 0.40% de ganancia promedio diaria.\n      Recomendación: Considerar implementar con gestión de riesgo adecuada.\n      Ganancia total esperada: 79.79% en 200 días.\n\n📈 MÉTRICAS ADICIONALES:\n    • Días ganadores: 110/200 (55.0%)\n    • Días perdedores: 90/200 (45.0%)\n    • Ganancia máxima en un día: 11.36%\n    • Pérdida máxima en un día: -9.42%\n    • Máximo consecutivo ganador: 10 días\n    • Máximo consecutivo perdedor: 5 días\n    • Volatilidad de ganancias: 3.26%\n    • Sharpe ratio: 0.12\n    • Máximo drawdown: 19.18%\n    • Score consistencia: 67.4/100"
    },
    {
      "pair": "LONG ETHUSDT/SHORT ORDIUSDT",
      "recommendation": "HOLD",
      "confidence": 60.12174884860177,
      "stats": {
        "longToken": "ETHUSDT",
        "shortToken": "ORDIUSDT",
        "totalDays": 200,
        "validDays": 200,
        "winningDays": 108,